,labels
01-V1|col23:AGGGTGAAGTCATCCA,V1
01-V1|col23:ATCCACCGTATCAGTC,V1
01-V1|col23:ATTGGTGAGTCATGCT,V1
01-V1|col23:CGTTCTGTCTATCCCG,V1
01-V1|col23:CTGCTGTTCTAACTTC,V1
01-V1|col23:GTCACAAGTCTAGCGC,V1
01-V1|col23:TCTTCGGGTGTGAAAT,V1
01-V1|CTRL-col23:ATTTCTGCACCTCGTT,V1
01-V1|CTRL-col23:CACATTTAGAGAACAG,V1
01-V1|CTRL-col23:CGATGGCGTAAAGGAG,V1
01-V1|CTRL-col23:CGGACACAGCCAGGAT,V1
01-V1|CTRL-col23:GACTGCGTCTAACTTC,V1
01-V1|CTRL-col23:GCACATAAGAAGGTGA,V1
01-V1|CTRL-col23:TTCGGTCAGGGCATGT,V1
01-V1|CTRL-col23:TTCGGTCGTAGCCTCG,V1
01-V1|CTRL-col23:TTGCCGTCACAAGTAA,V1
01-V1|CTRL-mix:ACACCAACATTAACCG,V1
01-V1|CTRL-mix:ACTGAACCAGTATCTG,V1
01-V1|CTRL-mix:ATTACTCTCGGCGCAT,V1
01-V1|CTRL-mix:CATCGAACATCGGAAG,V1
01-V1|CTRL-mix:CCGGTAGCACAGGAGT,V1
01-V1|CTRL-mix:CCTTACGCAGTCGTGC,V1
01-V1|CTRL-mix:CGTCAGGCAATAGAGT,V1
01-V1|CTRL-mix:CTAAGACTCTAACTCT,V1
01-V1|CTRL-mix:GAAACTCGTGATAAAC,V1
01-V1|CTRL-mix:GACTAACCACCCTATC,V1
01-V1|CTRL-mix:GCATGTACAGGGTACA,V1
01-V1|CTRL-mix:GCTCTGTAGGCCCTTG,V1
01-V1|CTRL-mix:GCTGCTTAGATTACCC,V1
01-V1|CTRL-mix:GCTGGGTTCTCGTTTA,V1
01-V1|CTRL-mix:GGTGCGTCACAGCGTC,V1
01-V1|CTRL-mix:TACAGTGAGGAGTAGA,V1
01-V1|CTRL-mix:TACCTATTCTATCCCG,V1
01-V1|CTRL-mix:TATGCCCAGAAAGTGG,V1
01-V1|CTRL-mix:TCAGATGCACGGATAG,V1
01-V1|CTRL-mix:TTAACTCCAGCTATTG,V1
01-V1|CTRL-mix:TTCTCAACAGCCAGAA,V1
01-V1|CTRL-mix:TTGGCAACACAGTCGC,V1
01-V1|CTRL-mix:TTTACTGCACACTGCG,V1
01-V1|vecad:AAACGGGAGGAACTGC,V1
01-V1|vecad:AAAGCAATCATTTGGG,V1
01-V1|vecad:AAAGTAGTCTTCGGTC,V1
01-V1|vecad:AACCATGGTGCATCTA,V1
01-V1|vecad:AAGGAGCCAGCTCGAC,V1
01-V1|vecad:AAGGCAGAGCCCAACC,V1
01-V1|vecad:AAGGCAGCATCCGTGG,V1
01-V1|vecad:AAGGTTCCACGGACAA,V1
01-V1|vecad:ACAGCTAGTGTTTGTG,V1
01-V1|vecad:ACCTTTAGTTGGTGGA,V1
01-V1|vecad:ACCTTTATCCTTAATC,V1
01-V1|vecad:ACGGAGACATCGTCGG,V1
01-V1|vecad:ACTGATGCAACACCCG,V1
01-V1|vecad:AGCGTCGAGACTTTCG,V1
01-V1|vecad:ATAGACCAGCGTGAAC,V1
01-V1|vecad:ATCCGAACATCTCGCT,V1
01-V1|vecad:CATCGGGGTTTACTCT,V1
01-V1|vecad:CATTCGCGTCTAGCCG,V1
01-V1|vecad:CCGGGATAGACAAAGG,V1
01-V1|vecad:CCTACCAGTAGGGACT,V1
01-V1|vecad:CCTAGCTCACGAAACG,V1
01-V1|vecad:CCTTCGAGTTAAGATG,V1
01-V1|vecad:CGAACATGTATATGAG,V1
01-V1|vecad:CGTCAGGAGCCCAATT,V1
01-V1|vecad:CGTGAGCGTACCATCA,V1
01-V1|vecad:CGTGTAAAGTAGATGT,V1
01-V1|vecad:CGTGTCTCATAGAAAC,V1
01-V1|vecad:CTAACTTCAGCCACCA,V1
01-V1|vecad:CTCGGGATCCGCAGTG,V1
01-V1|vecad:CTGATAGCAGCGTCCA,V1
01-V1|vecad:CTGATAGTCATGCTCC,V1
01-V1|vecad:CTGCGGAGTAAACGCG,V1
01-V1|vecad:CTGGTCTAGTCAATAG,V1
01-V1|vecad:CTGTGCTTCAGTCCCT,V1
01-V1|vecad:CTTTGCGGTTATCACG,V1
01-V1|vecad:GAAATGACATGGATGG,V1
01-V1|vecad:GAACCTACACGAAAGC,V1
01-V1|vecad:GAACGGAAGCAACGGT,V1
01-V1|vecad:GACACGCAGACGCAAC,V1
01-V1|vecad:GACCAATCATTGAGCT,V1
01-V1|vecad:GAGTCCGTCGGCCGAT,V1
01-V1|vecad:GATCGTAAGTTATCGC,V1
01-V1|vecad:GATTCAGCAAGTCTGT,V1
01-V1|vecad:GCACATAGTCGCTTTC,V1
01-V1|vecad:GCGCAGTCAGATTGCT,V1
01-V1|vecad:GGAACTTTCCAAAGTC,V1
01-V1|vecad:GGCTCGAGTCCAACTA,V1
01-V1|vecad:GGGAATGCACACTGCG,V1
01-V1|vecad:GTTCATTGTCAGCTAT,V1
01-V1|vecad:GTTCATTGTGACTACT,V1
01-V1|vecad:TAAGTGCTCACTCCTG,V1
01-V1|vecad:TAGAGCTTCGTCGTTC,V1
01-V1|vecad:TCACGAAAGCTTTGGT,V1
01-V1|vecad:TCGTAGAGTTGCGCAC,V1
01-V1|vecad:TGCCAAATCTCACATT,V1
01-V1|vecad:TGGCTGGGTCCAGTTA,V1
01-V1|vecad:TGTATTCGTCAACATC,V1
01-V1|vecad:TTCTTAGAGAGGACGG,V1
01-V1|vecad:TTGGCAAAGACAATAC,V1
01-V1|vecad:TTTACTGTCTGAAAGA,V1
01-V1|vecad:TTTCCTCTCAGCAACT,V1
02-V2|CTRL-mix:AAAGATGAGCTAGTCT,V2
02-V2|CTRL-mix:AACCATGGTAAATACG,V2
02-V2|CTRL-mix:AACTTTCCACATTAGC,V2
02-V2|CTRL-mix:ACGAGCCTCTGAAAGA,V2
02-V2|CTRL-mix:ACGTCAAGTACTTGAC,V2
02-V2|CTRL-mix:AGAATAGAGTGTACTC,V2
02-V2|CTRL-mix:ATCTGCCCAGGGATTG,V2
02-V2|CTRL-mix:ATGGGAGGTACTCGCG,V2
02-V2|CTRL-mix:ATTGGACAGAAGGACA,V2
02-V2|CTRL-mix:CAGCATAGTCGTGGCT,V2
02-V2|CTRL-mix:CATATTCGTGACTCAT,V2
02-V2|CTRL-mix:CATTATCTCGCATGAT,V2
02-V2|CTRL-mix:CCACGGACATTAGCCA,V2
02-V2|CTRL-mix:CCAGCGACAATAACGA,V2
02-V2|CTRL-mix:CGAACATAGCTAAACA,V2
02-V2|CTRL-mix:CGAATGTTCAAGCCTA,V2
02-V2|CTRL-mix:CGGAGTCGTAGGACAC,V2
02-V2|CTRL-mix:CTCACACTCAGTGCAT,V2
02-V2|CTRL-mix:CTCTAATAGGCATGGT,V2
02-V2|CTRL-mix:GACTAACCATGAAGTA,V2
02-V2|CTRL-mix:GCATGTAAGCTAAACA,V2
02-V2|CTRL-mix:GCGACCAAGACTAGAT,V2
02-V2|CTRL-mix:GGGCATCCATGCAATC,V2
02-V2|CTRL-mix:GGTGAAGCATTACGAC,V2
02-V2|CTRL-mix:GTAACTGGTCCAAGTT,V2
02-V2|CTRL-mix:GTCCTCATCGCAAACT,V2
02-V2|CTRL-mix:GTCGTAATCACCGTAA,V2
02-V2|CTRL-mix:GTGAAGGGTAGCAAAT,V2
02-V2|CTRL-mix:TAAACCGCAACTGCGC,V2
02-V2|CTRL-mix:TAAGTGCTCAACACGT,V2
02-V2|CTRL-mix:TACGGATAGAATCTCC,V2
02-V2|CTRL-mix:TACTCGCAGATCGGGT,V2
02-V2|CTRL-mix:TGAAAGAAGTACACCT,V2
02-V2|CTRL-mix:TGACTTTGTATCTGCA,V2
02-V2|CTRL-mix:TGCGGGTGTAAAGGAG,V2
02-V2|CTRL-mix:TTAGGACTCCGCGCAA,V2
02-V2|CTRL-mix:TTTACTGTCAGAAATG,V2
02-V2|vecad:AAATGCCCAGACACTT,V2
02-V2|vecad:AACACGTGTGCGGTAA,V2
02-V2|vecad:AACCGCGAGAACAATC,V2
02-V2|vecad:AAGCCGCAGTTACGGG,V2
02-V2|vecad:AAGGCAGGTGCGAAAC,V2
02-V2|vecad:AAGGTTCCAATGAAAC,V2
02-V2|vecad:AATCCAGGTTGGTAAA,V2
02-V2|vecad:ACACCGGCACCGCTAG,V2
02-V2|vecad:ACATCAGGTACTCTCC,V2
02-V2|vecad:ACGATGTCAGCCTTTC,V2
02-V2|vecad:ACGGGCTCAGACGCCT,V2
02-V2|vecad:AGCTCTCGTCTGCGGT,V2
02-V2|vecad:AGTTGGTGTCTCATCC,V2
02-V2|vecad:ATCACGACACTCAGGC,V2
02-V2|vecad:ATCATCTAGCCGTCGT,V2
02-V2|vecad:ATTACTCCACATAACC,V2
02-V2|vecad:ATTATCCAGAAACCTA,V2
02-V2|vecad:CAAGAAACAGGCGATA,V2
02-V2|vecad:CAAGATCTCCCTCTTT,V2
02-V2|vecad:CACTCCATCACCTTAT,V2
02-V2|vecad:CAGATCAAGTCTTGCA,V2
02-V2|vecad:CAGCGACGTTAAAGTG,V2
02-V2|vecad:CCAGCGAAGTGTCTCA,V2
02-V2|vecad:CCTAGCTGTTCTGTTT,V2
02-V2|vecad:CCTTTCTTCGCTAGCG,V2
02-V2|vecad:CGACCTTGTTCACCTC,V2
02-V2|vecad:CGATTGAGTGCAGACA,V2
02-V2|vecad:CGGACTGAGTGAACAT,V2
02-V2|vecad:CGGCTAGGTTCGCGAC,V2
02-V2|vecad:CGTCACTTCAGAAATG,V2
02-V2|vecad:CGTGAGCTCTTGACGA,V2
02-V2|vecad:CGTTGGGAGGCTCTTA,V2
02-V2|vecad:CTACGTCCATGCAATC,V2
02-V2|vecad:CTCGTCAGTCTAGGTT,V2
02-V2|vecad:CTCGTCAGTTCGAATC,V2
02-V2|vecad:CTGCCTAGTCTCCCTA,V2
02-V2|vecad:CTGCTGTTCGCCCTTA,V2
02-V2|vecad:CTTAACTCACGGTTTA,V2
02-V2|vecad:GATCGATAGTAGCCGA,V2
02-V2|vecad:GATCGATGTTACGTCA,V2
02-V2|vecad:GCTTGAAAGAGGGCTT,V2
02-V2|vecad:GGGTTGCAGTGCGTGA,V2
02-V2|vecad:GTAACGTTCTGAGTGT,V2
02-V2|vecad:GTACTCCAGTACGTTC,V2
02-V2|vecad:GTACTTTTCCCTTGTG,V2
02-V2|vecad:GTCAAGTCATGTAGTC,V2
02-V2|vecad:GTCGTAAGTGTTTGTG,V2
02-V2|vecad:GTTAAGCCACGGTAGA,V2
02-V2|vecad:TAAGCGTCAATAGAGT,V2
02-V2|vecad:TACAGTGTCTGCGACG,V2
02-V2|vecad:TACGGGCAGAGTGACC,V2
02-V2|vecad:TACTTACCATGCAACT,V2
02-V2|vecad:TACTTGTGTTGGTAAA,V2
02-V2|vecad:TATGCCCAGCTAGTTC,V2
02-V2|vecad:TCAGGTAAGTGTTTGC,V2
02-V2|vecad:TCGAGGCGTCGCATAT,V2
02-V2|vecad:TCGGGACAGCCCTAAT,V2
02-V2|vecad:TCTGAGACATGGTCAT,V2
02-V2|vecad:TCTTTCCAGGAACTGC,V2
02-V2|vecad:TGAAAGAAGTGGGTTG,V2
02-V2|vecad:TGACGGCGTCGGCATC,V2
02-V2|vecad:TTAACTCCATGAACCT,V2
02-V2|vecad:TTGGAACGTGGGTCAA,V2
05-P1|col23:AGCTCCTGTAGCCTAT,P1
05-P1|CTRL-mix:AAAGTAGAGCACAGGT,P1
05-P1|CTRL-mix:AAAGTAGAGGCTCATT,P1
05-P1|CTRL-mix:AAAGTAGTCTGTACGA,P1
05-P1|CTRL-mix:AACTCAGAGCTAAGAT,P1
05-P1|CTRL-mix:AACTTTCAGCGTAATA,P1
05-P1|CTRL-mix:ACACCAACAAAGTGCG,P1
05-P1|CTRL-mix:ACCGTAACATGGTCAT,P1
05-P1|CTRL-mix:ACGAGCCTCGGCTACG,P1
05-P1|CTRL-mix:ACGATACGTCCGTCAG,P1
05-P1|CTRL-mix:AGATTGCAGATTACCC,P1
05-P1|CTRL-mix:AGATTGCTCAGCGACC,P1
05-P1|CTRL-mix:AGCTCTCCACCAGGTC,P1
05-P1|CTRL-mix:AGGCCGTCACATTCGA,P1
05-P1|CTRL-mix:AGGTCATGTATGAAAC,P1
05-P1|CTRL-mix:ATCCACCAGCTAACTC,P1
05-P1|CTRL-mix:CAAGAAACACTCAGGC,P1
05-P1|CTRL-mix:CAAGTTGGTTGTGGCC,P1
05-P1|CTRL-mix:CACAGTACATTACGAC,P1
05-P1|CTRL-mix:CACATAGAGACAGACC,P1
05-P1|CTRL-mix:CACATAGAGCCAGGAT,P1
05-P1|CTRL-mix:CACCACTGTAGCCTCG,P1
05-P1|CTRL-mix:CATATTCCAAATCCGT,P1
05-P1|CTRL-mix:CATCAAGGTCGATTGT,P1
05-P1|CTRL-mix:CATCCACCATTGGGCC,P1
05-P1|CTRL-mix:CATGACATCTACGAGT,P1
05-P1|CTRL-mix:CATGGCGCACTACAGT,P1
05-P1|CTRL-mix:CCACTACCAAGGCTCC,P1
05-P1|CTRL-mix:CCCAATCAGTTGAGAT,P1
05-P1|CTRL-mix:CCGTACTGTCATTAGC,P1
05-P1|CTRL-mix:CCGTGGAAGATGTCGG,P1
05-P1|CTRL-mix:CCTAGCTAGGGATCTG,P1
05-P1|CTRL-mix:CGAGAAGAGCGTGAGT,P1
05-P1|CTRL-mix:CGATCGGGTTACCAGT,P1
05-P1|CTRL-mix:CGCTGGAGTTACGCGC,P1
05-P1|CTRL-mix:CGGACACAGACGCAAC,P1
05-P1|CTRL-mix:CGTCAGGAGTGCTGCC,P1
05-P1|CTRL-mix:CGTCCATTCCGAATGT,P1
05-P1|CTRL-mix:CGTCTACAGTACCGGA,P1
05-P1|CTRL-mix:CGTGTAACAAACCTAC,P1
05-P1|CTRL-mix:CGTTCTGTCTCGTATT,P1
05-P1|CTRL-mix:CTAAGACTCAACACCA,P1
05-P1|CTRL-mix:CTCAGAATCACTATTC,P1
05-P1|CTRL-mix:CTCTGGTCACCGTTGG,P1
05-P1|CTRL-mix:CTGCCTATCTTGTTTG,P1
05-P1|CTRL-mix:CTGCTGTGTGTGTGCC,P1
05-P1|CTRL-mix:CTGGTCTGTCCAAGTT,P1
05-P1|CTRL-mix:GAAATGATCAGCGATT,P1
05-P1|CTRL-mix:GACAGAGCAATGGAGC,P1
05-P1|CTRL-mix:GAGGTGACATGAGCGA,P1
05-P1|CTRL-mix:GATGCTAGTTCAGCGC,P1
05-P1|CTRL-mix:GCAATCAAGATCTGCT,P1
05-P1|CTRL-mix:GCATGATCAATGCCAT,P1
05-P1|CTRL-mix:GCATGTAGTGACGCCT,P1
05-P1|CTRL-mix:GCATGTAGTGCTTCTC,P1
05-P1|CTRL-mix:GCTGCGAGTTGTGGCC,P1
05-P1|CTRL-mix:GCTGCTTCACACGCTG,P1
05-P1|CTRL-mix:GCTGGGTAGGGAGTAA,P1
05-P1|CTRL-mix:GGACGTCTCGCCATAA,P1
05-P1|CTRL-mix:GGAGCAAAGCGCCTCA,P1
05-P1|CTRL-mix:GGCCGATTCTCACATT,P1
05-P1|CTRL-mix:GTGCAGCCACGTTGGC,P1
05-P1|CTRL-mix:GTTACAGGTTCCCGAG,P1
05-P1|CTRL-mix:TACCTATTCCGTTGTC,P1
05-P1|CTRL-mix:TAGTGGTAGCTAGTCT,P1
05-P1|CTRL-mix:TAGTGGTTCTGATACG,P1
05-P1|CTRL-mix:TATCTCAGTCTGCGGT,P1
05-P1|CTRL-mix:TATTACCGTTATGCGT,P1
05-P1|CTRL-mix:TCAGCAAGTTGGACCC,P1
05-P1|CTRL-mix:TCAGGTACAGAAGCAC,P1
05-P1|CTRL-mix:TCAGGTACATGGATGG,P1
05-P1|CTRL-mix:TCGTACCAGAATTGTG,P1
05-P1|CTRL-mix:TGACAACCACACAGAG,P1
05-P1|CTRL-mix:TGAGAGGAGCACCGTC,P1
05-P1|CTRL-mix:TGAGCCGTCAACACCA,P1
05-P1|CTRL-mix:TTCGGTCAGTGCGATG,P1
05-P1|CTRL-mix:TTCTACATCGGTGTCG,P1
05-P1|CTRL-mix:TTGGAACAGCCTCGTG,P1
05-P1|CTRL-mix:TTTATGCAGGAGTTTA,P1
05-P1|CTRL-mix:TTTCCTCTCGCCATAA,P1
05-P1|lepr:AAGTCTGCACATTCGA,P1
05-P1|lepr:AGCATACAGTCGTACT,P1
05-P1|lepr:CAAGTTGGTACGAAAT,P1
05-P1|lepr:CAGCCGAGTTACCGAT,P1
05-P1|lepr:CAGCTGGGTTGTGGAG,P1
05-P1|lepr:CCTCTGACAGAAGCAC,P1
05-P1|lepr:CGAGAAGAGTGTGAAT,P1
05-P1|lepr:CGAGAAGCACCCAGTG,P1
05-P1|lepr:CGCCAAGGTTCCTCCA,P1
05-P1|lepr:CTCGAGGCAGGGATTG,P1
05-P1|lepr:GAATGAAAGACAAGCC,P1
05-P1|lepr:GCTGCGAAGCAACGGT,P1
05-P1|lepr:GGCAATTGTAGAAGGA,P1
05-P1|lepr:GGGCATCTCGTCCAGG,P1
05-P1|lepr:GGTGTTAAGTCTCAAC,P1
05-P1|lepr:TACTTACGTCTTGATG,P1
05-P1|lepr:TAGGCATCATCCGGGT,P1
05-P1|lepr:TCATTTGCAAGTAATG,P1
05-P1|lepr:TGACGGCGTGTTCGAT,P1
05-P1|lepr:TGGCGCAGTCGCATCG,P1
06-P2|col23:ACCCACTAGGAGTACC,P2
06-P2|col23:GATCTAGGTACAGTGG,P2
06-P2|CTRL-col23:CGTGAGCTCGCCAGCA,P2
06-P2|CTRL-col23:GACGGCTAGCGTGAAC,P2
06-P2|CTRL-mix:ACACTGAGTTCCCTTG,P2
06-P2|CTRL-mix:ACGGGCTCAGCCTGTG,P2
06-P2|CTRL-mix:ACTTTCACAGGTCCAC,P2
06-P2|CTRL-mix:CAACCTCTCGGTGTCG,P2
06-P2|CTRL-mix:CATTCGCCATGGTCTA,P2
06-P2|CTRL-mix:CGTTCTGGTCAACATC,P2
06-P2|CTRL-mix:CTCGTCACACGTTGGC,P2
06-P2|CTRL-mix:GATCTAGGTGAGGGTT,P2
06-P2|CTRL-mix:GTATCTTTCTGAGGGA,P2
06-P2|CTRL-mix:TCAGGATGTCTTGATG,P2
06-P2|CTRL-mix:TCAGGTAAGAATAGGG,P2
06-P2|CTRL-mix:TGACTTTGTTATTCTC,P2
06-P2|lepr:AACGTTGAGATGCGAC,P2
06-P2|lepr:AACTCTTTCATAAAGG,P2
06-P2|lepr:AACTTTCAGATGGCGT,P2
06-P2|lepr:ACACCGGCACTATCTT,P2
06-P2|lepr:ACAGCCGTCTATCCTA,P2
06-P2|lepr:ACAGCTACATCTGGTA,P2
06-P2|lepr:ACCCACTCACTACAGT,P2
06-P2|lepr:ACGAGGACATTGGCGC,P2
06-P2|lepr:ACTATCTGTTATGCGT,P2
06-P2|lepr:ACTTACTTCGAGAACG,P2
06-P2|lepr:ACTTGTTTCCTTTACA,P2
06-P2|lepr:AGCATACGTCGAGATG,P2
06-P2|lepr:AGCATACTCCGTTGTC,P2
06-P2|lepr:AGCGTCGGTCGACTAT,P2
06-P2|lepr:AGCTCCTGTGACCAAG,P2
06-P2|lepr:AGGGAGTGTTGAACTC,P2
06-P2|lepr:AGGGATGTCGACGGAA,P2
06-P2|lepr:AGGGTGACACAAGTAA,P2
06-P2|lepr:ATCATGGTCCCAAGTA,P2
06-P2|lepr:ATCCACCCACCAGCAC,P2
06-P2|lepr:ATCGAGTGTACTCAAC,P2
06-P2|lepr:ATCTACTGTCTGATTG,P2
06-P2|lepr:ATGTGTGTCAACCATG,P2
06-P2|lepr:ATTATCCTCGAATGGG,P2
06-P2|lepr:CACAAACGTCTAGCCG,P2
06-P2|lepr:CACATAGCAGACGCCT,P2
06-P2|lepr:CACCACTGTATCGCAT,P2
06-P2|lepr:CACCAGGTCCTTAATC,P2
06-P2|lepr:CATATTCGTAATAGCA,P2
06-P2|lepr:CATCAAGTCTCCAACC,P2
06-P2|lepr:CATTCGCCAAATACAG,P2
06-P2|lepr:CATTCGCGTTTGGCGC,P2
06-P2|lepr:CCACGGAAGAAGGTTT,P2
06-P2|lepr:CCAGCGACATGAAGTA,P2
06-P2|lepr:CCATTCGTCGCTAGCG,P2
06-P2|lepr:CCGGGATCAGTTCCCT,P2
06-P2|lepr:CCTAAAGAGTGGGTTG,P2
06-P2|lepr:CCTAAAGCACTCGACG,P2
06-P2|lepr:CCTTCCCGTACAGTGG,P2
06-P2|lepr:CGAATGTAGATCACGG,P2
06-P2|lepr:CGATGGCTCTGCGTAA,P2
06-P2|lepr:CGCCAAGCACGCCAGT,P2
06-P2|lepr:CGCTTCATCATTGCGA,P2
06-P2|lepr:CGGACACGTTGTCTTT,P2
06-P2|lepr:CGGCTAGAGCCATCGC,P2
06-P2|lepr:CGTCAGGCAGCCTATA,P2
06-P2|lepr:CTACACCAGCCAGAAC,P2
06-P2|lepr:CTAGAGTGTTCAGGCC,P2
06-P2|lepr:CTAGTGACACAGAGGT,P2
06-P2|lepr:CTAGTGATCCCTCAGT,P2
06-P2|lepr:CTGAAGTCACTGTTAG,P2
06-P2|lepr:CTGCGGATCTGCGACG,P2
06-P2|lepr:CTGGTCTTCTTATCTG,P2
06-P2|lepr:CTTACCGCAGAGCCAA,P2
06-P2|lepr:GAAATGACAGACTCGC,P2
06-P2|lepr:GACACGCAGCACAGGT,P2
06-P2|lepr:GACGGCTTCTTCAACT,P2
06-P2|lepr:GATCTAGTCTCGCATC,P2
06-P2|lepr:GCATACAGTATTACCG,P2
06-P2|lepr:GCATGATAGGATGCGT,P2
06-P2|lepr:GCATGTACATGCTGGC,P2
06-P2|lepr:GCTCTGTCACCCTATC,P2
06-P2|lepr:GCTTCCAAGCTAACTC,P2
06-P2|lepr:GGATGTTAGAGCCTAG,P2
06-P2|lepr:GGCTGGTCACATGGGA,P2
06-P2|lepr:GGCTGGTTCAGCTCGG,P2
06-P2|lepr:GGGATGACATCCAACA,P2
06-P2|lepr:GGTATTGTCTGCCAGG,P2
06-P2|lepr:GTCCTCACACAGTCGC,P2
06-P2|lepr:GTTCGGGGTGAGGGAG,P2
06-P2|lepr:TAAGTGCAGTGGTAGC,P2
06-P2|lepr:TACTTACCACATGGGA,P2
06-P2|lepr:TACTTACTCTGCTTGC,P2
06-P2|lepr:TATCTCAAGTCGAGTG,P2
06-P2|lepr:TATCTCAGTGCGAAAC,P2
06-P2|lepr:TCGAGGCGTCACCTAA,P2
06-P2|lepr:TCGCGAGAGAACAACT,P2
06-P2|lepr:TCGCGTTTCAAACGGG,P2
06-P2|lepr:TGCCCATAGGACCACA,P2
06-P2|lepr:TGCGTGGCAAACTGCT,P2
06-P2|lepr:TGGCGCACACATGACT,P2
06-P2|lepr:TTATGCTTCTTAGAGC,P2
06-P2|lepr:TTGCCGTAGCAGCGTA,P2
06-P2|lepr:TTTATGCCAGAAGCAC,P2
07-P3|col23:CAGAATCCACTAAGTC,P3
07-P3|col23:CCACCTAGTCAACATC,P3
07-P3|CTRL-col23:GAACATCCAGCCAATT,P3
07-P3|CTRL-mix:AACTCCCGTCATACTG,P3
07-P3|CTRL-mix:AACTTTCTCGCTAGCG,P3
07-P3|CTRL-mix:ACAGCCGAGGCAGGTT,P3
07-P3|CTRL-mix:ACGCCAGCAGACAAAT,P3
07-P3|CTRL-mix:AGATTGCCAGCCTTGG,P3
07-P3|CTRL-mix:ATCATCTCAACTGCTA,P3
07-P3|CTRL-mix:ATCCACCTCCGTCAAA,P3
07-P3|CTRL-mix:ATCTACTAGTTTAGGA,P3
07-P3|CTRL-mix:ATTGGACTCTTGCATT,P3
07-P3|CTRL-mix:CAACCAAAGTACCGGA,P3
07-P3|CTRL-mix:CACATTTAGCGTCTAT,P3
07-P3|CTRL-mix:CATCAGATCATGTCTT,P3
07-P3|CTRL-mix:CATCGGGGTAAGGGAA,P3
07-P3|CTRL-mix:CATGCCTCATGCGCAC,P3
07-P3|CTRL-mix:CCAGCGAGTGTTGGGA,P3
07-P3|CTRL-mix:CCCAATCGTTACAGAA,P3
07-P3|CTRL-mix:CCTAAAGGTTGCCTCT,P3
07-P3|CTRL-mix:CCTACACCAGTATAAG,P3
07-P3|CTRL-mix:CCTCTGACACGTTGGC,P3
07-P3|CTRL-mix:CCTTACGGTGCACGAA,P3
07-P3|CTRL-mix:CGAACATAGCTGCCCA,P3
07-P3|CTRL-mix:CGAGCACAGCTTATCG,P3
07-P3|CTRL-mix:CGAGCCAGTAGCGCTC,P3
07-P3|CTRL-mix:CGTGTCTTCCGGGTGT,P3
07-P3|CTRL-mix:CTGCCTATCTGCGACG,P3
07-P3|CTRL-mix:CTGCGGAGTACAGTTC,P3
07-P3|CTRL-mix:CTTACCGAGAGCTGGT,P3
07-P3|CTRL-mix:GAATAAGGTTAGATGA,P3
07-P3|CTRL-mix:GAGCAGACACAAGTAA,P3
07-P3|CTRL-mix:GATCTAGAGGTTCCTA,P3
07-P3|CTRL-mix:GATCTAGCAGGATCGA,P3
07-P3|CTRL-mix:GATGAAATCAGGTAAA,P3
07-P3|CTRL-mix:GATTCAGGTCTGCAAT,P3
07-P3|CTRL-mix:GCATACACATCCAACA,P3
07-P3|CTRL-mix:GGATTACGTCCGCTGA,P3
07-P3|CTRL-mix:GGGAGATCAAATCCGT,P3
07-P3|CTRL-mix:GGGCATCCATGAACCT,P3
07-P3|CTRL-mix:TCAATCTCAGTCTTCC,P3
07-P3|CTRL-mix:TCATTACAGTGCCAGA,P3
07-P3|CTRL-mix:TCGAGGCCACGAAATA,P3
07-P3|CTRL-mix:TGACAACCACAAGTAA,P3
07-P3|CTRL-mix:TGAGAGGTCTCCAGGG,P3
07-P3|CTRL-mix:TGATTTCGTCTCGTTC,P3
07-P3|CTRL-mix:TGCCCATTCTTGTACT,P3
07-P3|CTRL-mix:TGCTACCAGAGCTGCA,P3
07-P3|CTRL-mix:TGGGCGTCATCTACGA,P3
07-P3|CTRL-mix:TGTATTCTCATGTGGT,P3
07-P3|CTRL-mix:TGTGGTAAGTAACCCT,P3
07-P3|CTRL-mix:TGTTCCGCACGGTAGA,P3
07-P3|CTRL-mix:TTAGGACGTAGCACGA,P3
07-P3|CTRL-mix:TTCCCAGTCTATCCTA,P3
07-P3|CTRL-mix:TTCTTAGCACAACTGT,P3
07-P3|lepr:AACTCTTGTTCGCGAC,P3
07-P3|lepr:AAGCCGCCACGGTAAG,P3
07-P3|lepr:ACCGTAACAATAGCGG,P3
07-P3|lepr:ACGGCCAAGTGGCACA,P3
07-P3|lepr:ACGGCCATCGAGAGCA,P3
07-P3|lepr:ACTGCTCAGCAGACTG,P3
07-P3|lepr:AGCGTCGGTAAGAGGA,P3
07-P3|lepr:AGTTGGTTCCCGACTT,P3
07-P3|lepr:ATGGGAGGTACGCACC,P3
07-P3|lepr:CCATGTCCACAAGTAA,P3
07-P3|lepr:CCCAATCCAAGAGGCT,P3
07-P3|lepr:CCCAGTTTCCCTGACT,P3
07-P3|lepr:CGGACACAGACTTTCG,P3
07-P3|lepr:CGGACACGTAGGCTGA,P3
07-P3|lepr:CGGAGCTCACCATGTA,P3
07-P3|lepr:CGGTTAATCCCTCTTT,P3
07-P3|lepr:CTAAGACCATCCAACA,P3
07-P3|lepr:CTACATTTCTCCGGTT,P3
07-P3|lepr:CTGAAGTCAAACGTGG,P3
07-P3|lepr:CTGCTGTCAGCTCGAC,P3
07-P3|lepr:CTTAACTTCTGACCTC,P3
07-P3|lepr:GAATAAGAGACCTAGG,P3
07-P3|lepr:GACTAACTCCCTCTTT,P3
07-P3|lepr:GATCAGTCATGTCTCC,P3
07-P3|lepr:GATCGCGAGTCTCAAC,P3
07-P3|lepr:GATCGTAAGATCGATA,P3
07-P3|lepr:GCAAACTGTACTCGCG,P3
07-P3|lepr:GCTGGGTAGTGGCACA,P3
07-P3|lepr:GGCAATTAGCCAGTAG,P3
07-P3|lepr:GGCCGATGTACAGACG,P3
07-P3|lepr:GGCGTGTCACAGACAG,P3
07-P3|lepr:GTCGTAAGTGTCAATC,P3
07-P3|lepr:GTGGGTCCATTTCACT,P3
07-P3|lepr:GTGTTAGTCACGATGT,P3
07-P3|lepr:GTTCATTTCCGCATCT,P3
07-P3|lepr:GTTTCTACAGTCCTTC,P3
07-P3|lepr:TAAGTGCGTTATCACG,P3
07-P3|lepr:TACTTGTGTTGAGTTC,P3
07-P3|lepr:TCAGGATCATGGGAAC,P3
07-P3|lepr:TCTGAGAGTTTGACTG,P3
07-P3|lepr:TGACAACGTCTAGTCA,P3
07-P3|lepr:TGCCCTAAGTTAGGTA,P3
07-P3|lepr:TGGTTAGGTTGTCGCG,P3
07-P3|lepr:TGTGGTAAGGCTAGGT,P3
07-P3|lepr:TTTATGCCAGCTTAAC,P3
08-P4|col23:ACGATACTCTAACTCT,P4
08-P4|col23:AGCATACGTTAAGACA,P4
08-P4|col23:CAACCAAGTAGAGCTG,P4
08-P4|col23:CATCGGGGTAGCTTGT,P4
08-P4|CTRL-col23:ACACCGGAGATCGGGT,P4
08-P4|CTRL-col23:CACATTTCAAGCCATT,P4
08-P4|CTRL-col23:CTCACACTCTGCGTAA,P4
08-P4|CTRL-col23:CTCGTCATCTGTCCGT,P4
08-P4|CTRL-col23:CTCTACGCACAGAGGT,P4
08-P4|CTRL-col23:GCGCAACTCCACGACG,P4
08-P4|CTRL-col23:GTAACTGTCACAGGCC,P4
08-P4|CTRL-col23:TCTTTCCAGTGTTTGC,P4
08-P4|CTRL-mix:AAGCCGCCAAGGTTCT,P4
08-P4|CTRL-mix:AAGGTTCAGGGCTTGA,P4
08-P4|CTRL-mix:AAGTCTGCAAGCTGAG,P4
08-P4|CTRL-mix:AAGTCTGCACTTCGAA,P4
08-P4|CTRL-mix:AATCGGTGTTGTACAC,P4
08-P4|CTRL-mix:ACATACGGTAGCTAAA,P4
08-P4|CTRL-mix:ACGGGCTAGTATTGGA,P4
08-P4|CTRL-mix:ACGTCAAAGAATGTGT,P4
08-P4|CTRL-mix:ACGTCAAAGATAGTCA,P4
08-P4|CTRL-mix:ACGTCAAAGGAATGGA,P4
08-P4|CTRL-mix:AGCTCTCCACGCCAGT,P4
08-P4|CTRL-mix:AGCTCTCTCATCGCTC,P4
08-P4|CTRL-mix:AGTCTTTGTGCAGTAG,P4
08-P4|CTRL-mix:ATCATGGGTGGGTCAA,P4
08-P4|CTRL-mix:ATCCACCTCACCTCGT,P4
08-P4|CTRL-mix:ATTATCCCAGCATGAG,P4
08-P4|CTRL-mix:ATTGGTGGTCTCCATC,P4
08-P4|CTRL-mix:CAACCTCCAAGCCATT,P4
08-P4|CTRL-mix:CAACTAGTCAACTCTT,P4
08-P4|CTRL-mix:CAAGAAAAGGCCCGTT,P4
08-P4|CTRL-mix:CAGCAGCTCATTCACT,P4
08-P4|CTRL-mix:CAGCATAAGAGGACGG,P4
08-P4|CTRL-mix:CATCAAGAGACGACGT,P4
08-P4|CTRL-mix:CATCGAACACCTCGTT,P4
08-P4|CTRL-mix:CATCGAACAGTTCATG,P4
08-P4|CTRL-mix:CATGCCTGTTGGGACA,P4
08-P4|CTRL-mix:CCAATCCGTCCGAGTC,P4
08-P4|CTRL-mix:CCTATTAAGCAAATCA,P4
08-P4|CTRL-mix:CCTTACGGTGAGGCTA,P4
08-P4|CTRL-mix:CGAGAAGAGATCTGAA,P4
08-P4|CTRL-mix:CGATCGGTCAGGCAAG,P4
08-P4|CTRL-mix:CGATTGAGTTGGAGGT,P4
08-P4|CTRL-mix:CGGTTAACAGACAAAT,P4
08-P4|CTRL-mix:CGTTCTGGTTACGGAG,P4
08-P4|CTRL-mix:CTCGAAAGTAAATACG,P4
08-P4|CTRL-mix:CTCGGGAAGAATTCCC,P4
08-P4|CTRL-mix:CTTAACTCATCGACGC,P4
08-P4|CTRL-mix:GACAGAGTCCACGTGG,P4
08-P4|CTRL-mix:GACAGAGTCTTCAACT,P4
08-P4|CTRL-mix:GACCTGGGTGTGTGCC,P4
08-P4|CTRL-mix:GACGTGCCAGTTCATG,P4
08-P4|CTRL-mix:GCACTCTCACACAGAG,P4
08-P4|CTRL-mix:GCAGCCAAGTGTACGG,P4
08-P4|CTRL-mix:GCTGCGATCTTACCGC,P4
08-P4|CTRL-mix:GCTGGGTTCGTGGACC,P4
08-P4|CTRL-mix:GGATGTTTCTGCGACG,P4
08-P4|CTRL-mix:GGCCGATTCTTTAGTC,P4
08-P4|CTRL-mix:GGCGACTAGGCTCAGA,P4
08-P4|CTRL-mix:GGGCATCGTCTAGGTT,P4
08-P4|CTRL-mix:GTAACTGCACCGAAAG,P4
08-P4|CTRL-mix:GTAGTCAAGCTCCTTC,P4
08-P4|CTRL-mix:GTATTCTTCCGTCAAA,P4
08-P4|CTRL-mix:GTCACGGCACGCATCG,P4
08-P4|CTRL-mix:GTCGGGTGTTGAGGTG,P4
08-P4|CTRL-mix:GTCTTCGGTATGCTTG,P4
08-P4|CTRL-mix:TACACGAGTCAAAGAT,P4
08-P4|CTRL-mix:TACTCGCGTCCTCCAT,P4
08-P4|CTRL-mix:TATTACCAGAAACGCC,P4
08-P4|CTRL-mix:TCAGATGGTAGCGCTC,P4
08-P4|CTRL-mix:TCAGCAATCCCACTTG,P4
08-P4|CTRL-mix:TCTATTGAGAGGGATA,P4
08-P4|CTRL-mix:TGGTTCCCAAACCCAT,P4
08-P4|CTRL-mix:TGTTCCGAGCTAACTC,P4
08-P4|CTRL-mix:TTAGGACGTCGAACAG,P4
08-P4|CTRL-mix:TTGAACGCACGTGAGA,P4
08-P4|CTRL-mix:TTGAACGGTTGCGTTA,P4
08-P4|CTRL-mix:TTGAACGTCTCCTATA,P4
08-P4|CTRL-mix:TTTATGCCATCAGTCA,P4
08-P4|lepr:CATTATCCATAGAAAC,P4
08-P4|lepr:CCGGTAGCACCATGTA,P4
08-P4|lepr:CGACCTTGTCATATCG,P4
08-P4|lepr:CGCTGGAGTATGGTTC,P4
08-P4|lepr:CGCTGGAGTGCTCTTC,P4
08-P4|lepr:CTACACCTCGAGAACG,P4
08-P4|lepr:CTTGGCTGTCTCTTTA,P4
08-P4|lepr:GACGTGCTCCCGGATG,P4
08-P4|lepr:GACTACATCCGCTGTT,P4
08-P4|lepr:GTAGGCCAGAAACCTA,P4
08-P4|lepr:GTATCTTAGAGATGAG,P4
08-P4|lepr:GTATTCTCAGACTCGC,P4
08-P4|lepr:GTGCATAGTTCCATGA,P4
08-P4|lepr:TACTCATAGAGCCTAG,P4
08-P4|lepr:TAGTTGGCATCACGAT,P4
08-P4|lepr:TCGGTAAAGAATTCCC,P4
08-P4|lepr:TCTATTGGTGTCGCTG,P4
08-P4|lepr:TGATTTCCATTGGGCC,P4
08-P4|lepr:TGTCCCAAGATCTGCT,P4
08-P4|lepr:TTGGAACAGTAGATGT,P4
10-O1|col23:ACGAGGACAGTAGAGC,O1
10-O1|col23:ACGGCCACATGAACCT,O1
10-O1|col23:AGGCCGTCACAAGACG,O1
10-O1|col23:CGAATGTCACAGGCCT,O1
10-O1|col23:CTAGTGAAGTGGGCTA,O1
10-O1|col23:GACGGCTGTGGTAACG,O1
10-O1|col23:GATTCAGCACTAGTAC,O1
10-O1|col23:GGCTCGATCAACACCA,O1
10-O1|col23:GGGCATCCAGCTGTGC,O1
10-O1|col23:GTCTTCGGTTCTCATT,O1
10-O1|col23:TACTCATAGATCACGG,O1
10-O1|col23:TCTATTGTCCAGAGGA,O1
10-O1|col23:TGTATTCTCCTAAGTG,O1
10-O1|CTRL-col23:AACCATGCAGCTCGCA,O1
10-O1|CTRL-col23:AAGACCTAGAGGGATA,O1
10-O1|CTRL-col23:AAGACCTCAAGCCCAC,O1
10-O1|CTRL-col23:AAGACCTGTCCGAACC,O1
10-O1|CTRL-col23:AATCCAGAGAGTAAGG,O1
10-O1|CTRL-col23:AATCCAGCACCACGTG,O1
10-O1|CTRL-col23:ACACCAAAGATAGCAT,O1
10-O1|CTRL-col23:ACGATACCACAGATTC,O1
10-O1|CTRL-col23:ACTGTCCCAGTTTACG,O1
10-O1|CTRL-col23:AGCAGCCGTCACACGC,O1
10-O1|CTRL-col23:AGCGGTCAGAGGTAGA,O1
10-O1|CTRL-col23:AGCGGTCTCGGTCTAA,O1
10-O1|CTRL-col23:AGGGAGTTCCGAATGT,O1
10-O1|CTRL-col23:AGTAGTCAGTGCCATT,O1
10-O1|CTRL-col23:AGTGTCATCAACGGCC,O1
10-O1|CTRL-col23:ATCCGAACATCAGTCA,O1
10-O1|CTRL-col23:ATCTACTTCAGAAATG,O1
10-O1|CTRL-col23:ATTATCCAGGGTTCCC,O1
10-O1|CTRL-col23:CAAGAAAGTTGCGCAC,O1
10-O1|CTRL-col23:CAAGATCTCCTGCCAT,O1
10-O1|CTRL-col23:CACACTCCAAGCTGAG,O1
10-O1|CTRL-col23:CACAGTACATCACCCT,O1
10-O1|CTRL-col23:CACCACTGTTGATTCG,O1
10-O1|CTRL-col23:CAGCCGAGTTTAGCTG,O1
10-O1|CTRL-col23:CATGGCGAGTACGACG,O1
10-O1|CTRL-col23:CGGACACCAGTATAAG,O1
10-O1|CTRL-col23:CGGACTGGTGCCTGCA,O1
10-O1|CTRL-col23:CGGGTCATCCGCATCT,O1
10-O1|CTRL-col23:CGTCAGGAGTTGAGTA,O1
10-O1|CTRL-col23:CGTGTCTAGCGTCAAG,O1
10-O1|CTRL-col23:CTAGCCTCACATGTGT,O1
10-O1|CTRL-col23:CTAGCCTCATGCAATC,O1
10-O1|CTRL-col23:GAACATCTCACATACG,O1
10-O1|CTRL-col23:GAACCTACACTTCTGC,O1
10-O1|CTRL-col23:GAACCTAGTGATGATA,O1
10-O1|CTRL-col23:GACTGCGCATGCCTAA,O1
10-O1|CTRL-col23:GATCAGTTCAAACAAG,O1
10-O1|CTRL-col23:GCACATACAATAGAGT,O1
10-O1|CTRL-col23:GCATGCGGTAGCACGA,O1
10-O1|CTRL-col23:GCTGGGTAGATGCCTT,O1
10-O1|CTRL-col23:GGAAAGCGTGCACCAC,O1
10-O1|CTRL-col23:GGACATTTCACGAAGG,O1
10-O1|CTRL-col23:GGATTACGTCGGATCC,O1
10-O1|CTRL-col23:GGCGACTCAAGCTGGA,O1
10-O1|CTRL-col23:GGCGTGTTCATCGGAT,O1
10-O1|CTRL-col23:GGCTCGATCGTGGTCG,O1
10-O1|CTRL-col23:GGGCACTAGTCTTGCA,O1
10-O1|CTRL-col23:GTAACTGAGCAAATCA,O1
10-O1|CTRL-col23:GTACGTATCGTGGGAA,O1
10-O1|CTRL-col23:GTATCTTAGAATTCCC,O1
10-O1|CTRL-col23:GTATCTTGTCGCTTCT,O1
10-O1|CTRL-col23:GTCACAATCTTACCGC,O1
10-O1|CTRL-col23:GTTACAGCAGTAACGG,O1
10-O1|CTRL-col23:TAAACCGTCGTACCGG,O1
10-O1|CTRL-col23:TACCTATTCCGTAGGC,O1
10-O1|CTRL-col23:TAGGCATGTCGAAAGC,O1
10-O1|CTRL-col23:TCACGAAGTTGGAGGT,O1
10-O1|CTRL-col23:TCAGCAACACAGCGTC,O1
10-O1|CTRL-col23:TCAGGATTCTATGTGG,O1
10-O1|CTRL-col23:TCATTTGTCTCCTATA,O1
10-O1|CTRL-col23:TCCACACCAGGGTACA,O1
10-O1|CTRL-col23:TCGTACCGTCTAAAGA,O1
10-O1|CTRL-col23:TCTATTGAGGCTCATT,O1
10-O1|CTRL-col23:TGAAAGATCAGGATCT,O1
10-O1|CTRL-col23:TGAGGGACATACTCTT,O1
10-O1|CTRL-col23:TGCTGCTCAAGTTCTG,O1
10-O1|CTRL-col23:TGTCCCAGTAGCAAAT,O1
10-O1|CTRL-col23:TTATGCTCATAGACTC,O1
10-O1|CTRL-col23:TTATGCTGTAAGTGGC,O1
10-O1|CTRL-col23:TTCTCCTGTATAGTAG,O1
10-O1|CTRL-col23:TTCTTAGGTACACCGC,O1
10-O1|CTRL-col23:TTGACTTGTTTGCATG,O1
10-O1|CTRL-col23:TTGGAACCAGGGTATG,O1
10-O1|CTRL-mix:CATATTCTCAGGATCT,O1
10-O1|lepr:AGGTCCGAGGCTCAGA,O1
10-O1|lepr:CAGCGACAGGTAAACT,O1
10-O1|lepr:CAGTAACAGTGGGTTG,O1
10-O1|lepr:CATCAGAAGGCCCTTG,O1
10-O1|lepr:CCATGTCAGGTCATCT,O1
10-O1|lepr:CGTTAGAAGGTAAACT,O1
10-O1|lepr:CTAGTGATCTCTTATG,O1
10-O1|lepr:GCATGCGAGATATGCA,O1
10-O1|lepr:TAAGCGTGTTATCACG,O1
10-O1|lepr:TACACGACATTCCTGC,O1
10-O1|lepr:TACACGAGTCTCCCTA,O1
10-O1|lepr:TGACTTTCATATGGTC,O1
10-O1|lepr:TGTTCCGAGTTCGCGC,O1
11-O2|col23:AGCATACGTCATCCCT,O2
11-O2|col23:ATCTACTAGTTCGCAT,O2
11-O2|col23:CCTTTCTCATTACCTT,O2
11-O2|col23:CGCTTCAAGTTCCACA,O2
11-O2|col23:CGGACGTAGAGACTAT,O2
11-O2|col23:CTACATTGTGTAATGA,O2
11-O2|col23:GACCAATAGGGATGGG,O2
11-O2|col23:GACGTTAAGAAGCCCA,O2
11-O2|col23:GCACTCTGTCATACTG,O2
11-O2|col23:GCAGCCAGTGCTTCTC,O2
11-O2|col23:GCCAAATAGATAGTCA,O2
11-O2|col23:GCGCCAAGTCACCTAA,O2
11-O2|col23:TTCTACATCCGCATAA,O2
11-O2|col23:TTGAACGAGTGTACCT,O2
11-O2|col23:TTGGAACCACTTCTGC,O2
11-O2|col23:TTTCCTCAGATATGCA,O2
11-O2|CTRL-col23:AAGTCTGCATGACATC,O2
11-O2|CTRL-col23:ACACCAAAGATGTTAG,O2
11-O2|CTRL-col23:ACACTGAAGCTTCGCG,O2
11-O2|CTRL-col23:ACGATGTAGGCAGTCA,O2
11-O2|CTRL-col23:ACGGAGAAGACGACGT,O2
11-O2|CTRL-col23:ACGGGCTTCATCTGCC,O2
11-O2|CTRL-col23:ACGGGTCCAATAGAGT,O2
11-O2|CTRL-col23:ACGGGTCGTGTCTGAT,O2
11-O2|CTRL-col23:ACTATCTGTAGCTCCG,O2
11-O2|CTRL-col23:ACTGATGCATGTTGAC,O2
11-O2|CTRL-col23:AGCTTGACATCTCGCT,O2
11-O2|CTRL-col23:AGCTTGATCATCGATG,O2
11-O2|CTRL-col23:AGGGAGTGTCTTGTCC,O2
11-O2|CTRL-col23:AGGGATGCAACTGCGC,O2
11-O2|CTRL-col23:AGTGAGGCATCACCCT,O2
11-O2|CTRL-col23:AGTGGGATCGGAATCT,O2
11-O2|CTRL-col23:ATGCGATAGCCAGGAT,O2
11-O2|CTRL-col23:ATTCTACAGTTAGCGG,O2
11-O2|CTRL-col23:ATTGGTGCAAGTTGTC,O2
11-O2|CTRL-col23:CAACTAGTCCGAAGAG,O2
11-O2|CTRL-col23:CACCACTAGCTGCCCA,O2
11-O2|CTRL-col23:CACCACTAGGGTTTCT,O2
11-O2|CTRL-col23:CAGCCGATCGACAGCC,O2
11-O2|CTRL-col23:CAGTCCTAGGCCGAAT,O2
11-O2|CTRL-col23:CAGTCCTTCGTTTATC,O2
11-O2|CTRL-col23:CATCCACAGCACACAG,O2
11-O2|CTRL-col23:CCCAATCTCTTGACGA,O2
11-O2|CTRL-col23:CCTATTAGTCAAACTC,O2
11-O2|CTRL-col23:CGAGCACCAATGGTCT,O2
11-O2|CTRL-col23:CGAGCCACACCGAATT,O2
11-O2|CTRL-col23:CGATTGAGTCGCGTGT,O2
11-O2|CTRL-col23:CGGACGTAGAAGGACA,O2
11-O2|CTRL-col23:CGGACTGTCCTCTAGC,O2
11-O2|CTRL-col23:CGGACTGTCTCATTCA,O2
11-O2|CTRL-col23:CGTGAGCCAGACAGGT,O2
11-O2|CTRL-col23:CGTTCTGGTGCATCTA,O2
11-O2|CTRL-col23:CGTTGGGCAGTGACAG,O2
11-O2|CTRL-col23:CTCATTATCAACACTG,O2
11-O2|CTRL-col23:CTCCTAGGTGGAAAGA,O2
11-O2|CTRL-col23:CTCGTACAGTAGGCCA,O2
11-O2|CTRL-col23:CTCGTACCACCAGGTC,O2
11-O2|CTRL-col23:CTCTACGAGTGATCGG,O2
11-O2|CTRL-col23:CTGCTGTTCTTAGAGC,O2
11-O2|CTRL-col23:CTTCTCTGTGCGCTTG,O2
11-O2|CTRL-col23:CTTTGCGTCGTTACGA,O2
11-O2|CTRL-col23:GAACCTAAGTCAAGGC,O2
11-O2|CTRL-col23:GACACGCTCGCGGATC,O2
11-O2|CTRL-col23:GACGGCTAGATGGGTC,O2
11-O2|CTRL-col23:GACGTTAGTGACTCAT,O2
11-O2|CTRL-col23:GATCGTAAGATGGCGT,O2
11-O2|CTRL-col23:GATCTAGAGAGCTGGT,O2
11-O2|CTRL-col23:GCAGTTACACGAGAGT,O2
11-O2|CTRL-col23:GCATACAGTTTGGGCC,O2
11-O2|CTRL-col23:GCGACCAGTGCCTGCA,O2
11-O2|CTRL-col23:GCTGCTTTCTACGAGT,O2
11-O2|CTRL-col23:GGACAAGTCCGCATAA,O2
11-O2|CTRL-col23:GGGCATCCACTTGGAT,O2
11-O2|CTRL-col23:GGTATTGCAGTACACT,O2
11-O2|CTRL-col23:GTATCTTAGGTGATAT,O2
11-O2|CTRL-col23:GTCACAAAGAGCTGCA,O2
11-O2|CTRL-col23:GTTCGGGGTCAGTGGA,O2
11-O2|CTRL-col23:TACCTATGTGCCTTGG,O2
11-O2|CTRL-col23:TAGTGGTAGGTGTGGT,O2
11-O2|CTRL-col23:TAGTTGGCACTCAGGC,O2
11-O2|CTRL-col23:TAGTTGGGTGCCTGTG,O2
11-O2|CTRL-col23:TATGCCCTCTGGTTCC,O2
11-O2|CTRL-col23:TATGCCCTCTTATCTG,O2
11-O2|CTRL-col23:TCCCGATCAATGGATA,O2
11-O2|CTRL-col23:TCGTACCCATGACGGA,O2
11-O2|CTRL-col23:TCGTACCTCGCCTGAG,O2
11-O2|CTRL-col23:TCGTAGAAGCTACCTA,O2
11-O2|CTRL-col23:TGAGCCGGTCTTTCAT,O2
11-O2|CTRL-col23:TGAGGGAAGAACTCGG,O2
11-O2|CTRL-col23:TGCCCATAGATGCCTT,O2
11-O2|CTRL-col23:TGGCCAGGTTCGGGCT,O2
11-O2|CTRL-col23:TGGCGCAAGCTAGTCT,O2
11-O2|CTRL-col23:TTTCCTCCACGCTTTC,O2
11-O2|lepr:AACTTTCGTACCATCA,O2
11-O2|lepr:ACGCCAGCAACTGCGC,O2
11-O2|lepr:ACTATCTTCATGCTCC,O2
11-O2|lepr:ATGCGATCACATCCAA,O2
11-O2|lepr:CATGCCTTCGTCTGAA,O2
11-O2|lepr:CGAGCACGTGTCCTCT,O2
11-O2|lepr:CTTGGCTAGCTGCAAG,O2
12-O3|col23:ACGGAGATCGCCATAA,O3
12-O3|col23:ACGGGTCCACCCATTC,O3
12-O3|col23:AGTGTCAAGATGTGGC,O3
12-O3|col23:ATCCGAATCCCGACTT,O3
12-O3|col23:ATTACTCGTGAAGGCT,O3
12-O3|col23:CAACTAGAGGAGTCTG,O3
12-O3|col23:CACACTCCACCAACCG,O3
12-O3|col23:CAGGTGCTCAGCGACC,O3
12-O3|col23:CATCCACGTATGAATG,O3
12-O3|col23:CATCGAAGTCTTCTCG,O3
12-O3|col23:CCACTACCAGATCGGA,O3
12-O3|col23:CGCCAAGGTACAGACG,O3
12-O3|col23:CGTGAGCTCACGACTA,O3
12-O3|col23:CTCCTAGTCGCAAGCC,O3
12-O3|col23:CTCGAGGAGGGTGTTG,O3
12-O3|col23:CTTGGCTCAACTGGCC,O3
12-O3|col23:GCATACAGTCGAGTTT,O3
12-O3|col23:GCTTGAAGTCTCCATC,O3
12-O3|col23:GGGAATGAGTGTTGAA,O3
12-O3|col23:GGGAGATAGGGAAACA,O3
12-O3|col23:GGTGCGTTCGTCCGTT,O3
12-O3|col23:TAGCCGGCAAGTTCTG,O3
12-O3|col23:TCATTACGTGCAACGA,O3
12-O3|col23:TCCCGATAGAGATGAG,O3
12-O3|col23:TGACTTTGTTCGAATC,O3
12-O3|col23:TGAGCCGAGAGAACAG,O3
12-O3|col23:TGGCCAGGTTCGGGCT,O3
12-O3|CTRL-col23:AAAGCAAAGTACGCCC,O3
12-O3|CTRL-col23:AAAGCAACATCCTAGA,O3
12-O3|CTRL-col23:AAAGTAGTCCGCATCT,O3
12-O3|CTRL-col23:AACCATGAGCAATCTC,O3
12-O3|CTRL-col23:AACTGGTCACTATCTT,O3
12-O3|CTRL-col23:AAGACCTGTAGGAGTC,O3
12-O3|CTRL-col23:AAGGAGCAGGTGATAT,O3
12-O3|CTRL-col23:AATCCAGAGATATACG,O3
12-O3|CTRL-col23:ACGATGTCATTGAGCT,O3
12-O3|CTRL-col23:ACTTTCAAGCTAACAA,O3
12-O3|CTRL-col23:AGAATAGTCCACGTGG,O3
12-O3|CTRL-col23:AGCGTATAGAGGGCTT,O3
12-O3|CTRL-col23:AGGGAGTGTAAGAGGA,O3
12-O3|CTRL-col23:AGTCTTTGTACAGTTC,O3
12-O3|CTRL-col23:AGTGAGGGTCGCTTCT,O3
12-O3|CTRL-col23:AGTGAGGTCTAACCGA,O3
12-O3|CTRL-col23:ATCTGCCTCCGCTGTT,O3
12-O3|CTRL-col23:ATGCGATGTGGTGTAG,O3
12-O3|CTRL-col23:ATGCGATTCTGCTGTC,O3
12-O3|CTRL-col23:CAAGATCGTCAAACTC,O3
12-O3|CTRL-col23:CAGCCGACAGCTGTTA,O3
12-O3|CTRL-col23:CCACGGATCCGAACGC,O3
12-O3|CTRL-col23:CCCATACAGGTACTCT,O3
12-O3|CTRL-col23:CCTTCCCGTTCGGCAC,O3
12-O3|CTRL-col23:CGAACATGTCAGAATA,O3
12-O3|CTRL-col23:CGAGCACGTTCTCATT,O3
12-O3|CTRL-col23:CGATGGCAGCTAAACA,O3
12-O3|CTRL-col23:CGGAGCTAGGTAAACT,O3
12-O3|CTRL-col23:CGGCTAGAGTCGATAA,O3
12-O3|CTRL-col23:CGTGTCTGTCTTGATG,O3
12-O3|CTRL-col23:CTAACTTAGCTGCGAA,O3
12-O3|CTRL-col23:CTGGTCTAGGATCGCA,O3
12-O3|CTRL-col23:GAAGCAGGTGTTTGTG,O3
12-O3|CTRL-col23:GACGGCTGTGCAACGA,O3
12-O3|CTRL-col23:GACTGCGAGGGTCTCC,O3
12-O3|CTRL-col23:GAGTCCGAGGACACCA,O3
12-O3|CTRL-col23:GATCAGTCATTGCGGC,O3
12-O3|CTRL-col23:GATGCTAGTTAGGGTG,O3
12-O3|CTRL-col23:GCACATAAGGTTACCT,O3
12-O3|CTRL-col23:GCAGTTATCAGCTGGC,O3
12-O3|CTRL-col23:GCCTCTACAAGCTGTT,O3
12-O3|CTRL-col23:GCTGGGTAGAGACTTA,O3
12-O3|CTRL-col23:GCTTGAAAGGCACATG,O3
12-O3|CTRL-col23:GGGTTGCTCATGCTCC,O3
12-O3|CTRL-col23:GTCACGGTCATTGCCC,O3
12-O3|CTRL-col23:GTCTTCGTCCTGTACC,O3
12-O3|CTRL-col23:GTGCAGCTCGGGAGTA,O3
12-O3|CTRL-col23:GTTACAGTCCGCAGTG,O3
12-O3|CTRL-col23:TAGTTGGTCATCGATG,O3
12-O3|CTRL-col23:TATCAGGCACTTCTGC,O3
12-O3|CTRL-col23:TATGCCCAGAATTGTG,O3
12-O3|CTRL-col23:TCACAAGTCCCATTTA,O3
12-O3|CTRL-col23:TCACGAACAAAGGCGT,O3
12-O3|CTRL-col23:TCAGGTACAGCCAATT,O3
12-O3|CTRL-col23:TCGGGACGTCTCTTTA,O3
12-O3|CTRL-col23:TCTGAGATCACATAGC,O3
12-O3|CTRL-col23:TGACTTTAGAGTGAGA,O3
12-O3|CTRL-col23:TGCGCAGGTCATGCAT,O3
12-O3|CTRL-col23:TGGTTCCCAAAGCGGT,O3
12-O3|CTRL-col23:TTAACTCTCTGCAAGT,O3
12-O3|CTRL-col23:TTCTTAGAGTTTCCTT,O3
12-O3|CTRL-col23:TTGCGTCCAGTGACAG,O3
12-O3|CTRL-col23:TTGGAACAGCTAACTC,O3
12-O3|CTRL-col23:TTTACTGAGGACAGAA,O3
12-O3|CTRL-col23:TTTGGTTTCTAACTCT,O3
12-O3|CTRL-mix:AAAGATGCAGTTCCCT,O3
12-O3|CTRL-mix:CTAACTTTCACTCCTG,O3
12-O3|CTRL-mix:CTGTTTAAGGTGCAAC,O3
12-O3|CTRL-mix:GCCAAATAGCACCGCT,O3
12-O3|CTRL-mix:GTCACAAGTTAAGAAC,O3
12-O3|CTRL-mix:TAAGAGAAGAATCTCC,O3
12-O3|CTRL-mix:TGACTAGAGCTTCGCG,O3
12-O3|lepr:CGTCCATTCGGATGGA,O3
13-C|col23:GCATGCGGTACCTACA,C
13-C|col23:GGGCATCAGGCTAGGT,C
13-C|col23:GTAGTCAGTACCGAGA,C
13-C|col23:TCGAGGCCAGGTGCCT,C
13-C|col23:TGGTTCCTCCGCATAA,C
13-C|CTRL-col23:AATCCAGCAAGGGTCA,C
13-C|CTRL-col23:ACATCAGGTAAGTAGT,C
13-C|CTRL-col23:ACTGCTCAGCGAGAAA,C
13-C|CTRL-col23:CTCTAATCATGATCCA,C
13-C|CTRL-col23:GACGTTATCGGCGCAT,C
13-C|CTRL-col23:TTAGTTCAGCGTCAAG,C
13-C|CTRL-mix:AAAGCAAGTACCGTTA,C
13-C|CTRL-mix:AACCGCGAGATGCCTT,C
13-C|CTRL-mix:ACACCAACAGCGTTCG,C
13-C|CTRL-mix:ACCAGTAAGACAGGCT,C
13-C|CTRL-mix:ACTGAGTCAGACGCTC,C
13-C|CTRL-mix:AGCGGTCGTGTTCGAT,C
13-C|CTRL-mix:AGCGTATGTCCATCCT,C
13-C|CTRL-mix:CAACCTCAGAATGTGT,C
13-C|CTRL-mix:CACCACTCAAGTTAAG,C
13-C|CTRL-mix:CACTCCATCTGTACGA,C
13-C|CTRL-mix:CCATGTCCAGTCACTA,C
13-C|CTRL-mix:CCATTCGAGCCTCGTG,C
13-C|CTRL-mix:CCCTCCTGTTCAGCGC,C
13-C|CTRL-mix:CCGTACTGTCAAAGAT,C
13-C|CTRL-mix:CGCGTTTGTCGCGAAA,C
13-C|CTRL-mix:CGCTATCTCCAGTATG,C
13-C|CTRL-mix:CGGACGTTCTTCATGT,C
13-C|CTRL-mix:CGTAGCGCAGATCTGT,C
13-C|CTRL-mix:CTAGCCTAGAAGGTGA,C
13-C|CTRL-mix:CTCGGGATCAATACCG,C
13-C|CTRL-mix:CTGCGGACATCGGAAG,C
13-C|CTRL-mix:GAACGGAGTTAGGGTG,C
13-C|CTRL-mix:GACTGCGCACTCGACG,C
13-C|CTRL-mix:GCTTCCATCTAACTTC,C
13-C|CTRL-mix:GGGTTGCAGGCGACAT,C
13-C|CTRL-mix:TAAGAGAAGGGATGGG,C
13-C|CTRL-mix:TAGTGGTCAAACCTAC,C
13-C|CTRL-mix:TCAGGTACAGGGTACA,C
13-C|CTRL-mix:TCGTAGACACGAAGCA,C
13-C|CTRL-mix:TGCTGCTCATGGTTGT,C
13-C|CTRL-mix:TGGTTAGAGGATGCGT,C
13-C|CTRL-mix:TTCTACAGTGCAGGTA,C
13-C|CTRL-mix:TTTGCGCCAATCCGAT,C
13-C|lepr:AGGCCGTTCGCGCCAA,C
13-C|lepr:CAGTCCTCACGACGAA,C
13-C|lepr:CATTATCTCCGGCACA,C
13-C|lepr:GAGGTGAGTAATTGGA,C
13-C|lepr:GCGGGTTCAGATGAGC,C
13-C|lepr:TATCTCATCAGCACAT,C
13-C|lepr:TCGTAGAAGGGATACC,C
13-C|lepr:TGGCCAGAGTCTCAAC,C
13-C|vecad:AAGCCGCTCTCATTCA,C
13-C|vecad:ACATGGTCAGCGTCCA,C
13-C|vecad:CAGCAGCTCCAGGGCT,C
13-C|vecad:CCATGTCAGATATGGT,C
13-C|vecad:CCCAGTTGTTGTGGAG,C
13-C|vecad:CCTAAAGAGACTGGGT,C
13-C|vecad:CCTTTCTGTCCAGTTA,C
13-C|vecad:GACCAATGTACTCAAC,C
13-C|vecad:GCGCCAATCAACGAAA,C
13-C|vecad:GCTGGGTTCTTAACCT,C
13-C|vecad:GGCTCGATCGGAGCAA,C
13-C|vecad:GTACGTATCCTATTCA,C
13-C|vecad:TACTTACTCACATAGC,C
13-C|vecad:TAGTGGTTCCACTGGG,C
13-C|vecad:TCAGGTACACCATCCT,C
13-C|vecad:TCGCGAGTCCGCGCAA,C
13-C|vecad:TGAGAGGTCGTGGTCG,C
13-C|vecad:TGTATTCAGATAGCAT,C
